{
  "ObjectTag": "Enemy",
  "modelRenderer": {
    "modelKey": ""
  },
  "rigidbody": {
    "friction": 1.2000000476837158,
    "gravityAccelaration": 25.799999237060547,
    "isDynamic": 1.0,
    "mass": 1.0
  },
  "sphere": {
    "radius": 20.0,
    "type": "Sphere"
  },
  "transform": {
    "position": {
      "x": 0.0,
      "y": 12.0,
      "z": -5.0
    },
    "rotate": {
      "x": 0.7560094594955444,
      "y": 2.0277225971221924,
      "z": 1.3011674880981445
    },
    "scale": {
      "x": 0.02500000037252903,
      "y": 0.02500000037252903,
      "z": 0.02500000037252903
    }
  }
}