{
  "ObjectTag": "Defaut",
  "modelRenderer": {
    "modelKey": ""
  },
  "rigidbody": {
    "friction": 1.0,
    "gravityAccelaration": 25.799999237060547,
    "isDynamic": 1.0,
    "mass": 1.0
  },
  "sphere": {
    "radius": 20.0,
    "type": 0
  },
  "transform": {
    "position": {
      "x": 0.0,
      "y": 12.0,
      "z": -5.0
    },
    "rotate": {
      "x": -0.4207296669483185,
      "y": -1.3765755891799927,
      "z": -1.5417364835739136
    },
    "scale": {
      "x": 0.02500000037252903,
      "y": 0.02500000037252903,
      "z": 0.02500000037252903
    }
  }
}