{
  "ObjectTag": "Enemy",
  "modelRenderer": {
    "modelKey": ""
  },
  "rigidbody": {
    "friction": 1.2,
    "gravityAccelaration": 25.799999237060547,
    "isDynamic": 1.0,
    "mass": 1.0
  },
  "sphere": {
    "radius": 20.0,
    "type": "Sphere"
  },
  "transform": {
    "position": {
      "x": 0.0,
      "y": 12.0,
      "z": -5.0
    },
    "rotate": {
      "x": 1.190738558769226,
      "y": -1.674605131149292,
      "z": -0.7355701327323914
    },
    "scale": {
      "x": 0.02500000037252903,
      "y": 0.02500000037252903,
      "z": 0.02500000037252903
    }
  }
}