{
   "ObjectTag": "Enemy",
   "modelRenderer": {
      "modelKey": ""
   },
   "rigidbody": {
      "friction": 1.2000000476837158,
      "gravityAccelaration": 25.799999237060547,
      "isDynamic": 1.0,
      "mass": 1.0
   },
   "sphere": {
      "radius": 20.0,
      "type": "Sphere"
   },
   "transform": {
      "position": {
         "x": 0.0,
         "y": 12.0,
         "z": -5.0
      },
      "rotate": {
         "x": 0.07892291247844696,
         "y": 0.9143500924110413,
         "z": -2.450087308883667
      },
      "scale": {
         "x": 0.02500000037252903,
         "y": 0.02500000037252903,
         "z": 0.02500000037252903
      }
   }
}