{
    "ObjectTag": "Enemy",
    "enemyController": {
        "acceleration": 37.0,
        "avoidWallDistance": 5.0,
        "avoidWallStrongForce": 3.0,
        "avoidWallWeakForce": 0.699999988079071,
        "directionChageInterval": 1.5,
        "directionCircleDistance": 4.5,
        "directionCircleRadius": 10.0,
        "maxHp": 200.0
    },
    "modelRenderer": {
        "modelKey": "enemy"
    },
    "rigidbody": {
        "friction": 1.2000000476837158,
        "gravityAccelaration": 25.799999237060547,
        "isDynamic": 1.0,
        "mass": 1.0
    },
    "sphere": {
        "layerMaskType": "Default",
        "radius": 20.0,
        "type": "Sphere"
    },
    "transform": {
        "position": {
            "x": 0.0,
            "y": 11.0,
            "z": -5.0
        },
        "rotate": {
            "x": -0.5122880935668945,
            "y": -2.084563970565796,
            "z": 2.053924560546875
        },
        "scale": {
            "x": 0.029999999329447746,
            "y": 0.029999999329447746,
            "z": 0.029999999329447746
        }
    }
}