{
  "modelRenderer": {
    "modelKey": ""
  },
  "rigidbody": {
    "friction": 1.0,
    "gravityAccelaration": 25.799999237060547,
    "isDynamic": 1.0,
    "mass": 1.0
  },
  "sphere": {
    "radius": 20.0,
    "type": 0
  },
  "transform": {
    "position": {
      "x": 0.0,
      "y": 12.0,
      "z": 5.0
    },
    "rotate": {
      "x": 0.9722235202789307,
      "y": 2.378386974334717,
      "z": 0.6073887944221497
    },
    "scale": {
      "x": 0.02500000037252903,
      "y": 0.02500000037252903,
      "z": 0.02500000037252903
    }
  }
}