{
    "ObjectTag": "Player",
    "modelRenderer": {
        "modelKey": "player"
    },
    "playerController": {
        "acceleration": 35.0,
        "attackDuration": 0.5,
        "attackSpeed": 40.0,
        "maxSpeed": 40.0
    },
    "playerStatusController": {
        "attackCost": 20,
        "minAttackPower": 10.0
    },
    "rigidbody": {
        "friction": 1.2000000476837158,
        "gravityAccelaration": 25.799999237060547,
        "isDynamic": 1.0,
        "mass": 1.0
    },
    "sphere": {
        "layerMaskType": "Default",
        "radius": 20.0,
        "type": "Sphere"
    },
    "transform": {
        "position": {
            "x": 0.0,
            "y": 11.0,
            "z": 5.0
        },
        "rotate": {
            "x": -1.2448210716247559,
            "y": -0.5559181571006775,
            "z": -0.6108541488647461
        },
        "scale": {
            "x": 0.029999999329447746,
            "y": 0.029999999329447746,
            "z": 0.029999999329447746
        }
    }
}