{
  "ObjectTag": "Player",
  "modelRenderer": {
    "modelKey": "player"
  },
  "rigidbody": {
    "friction": 1.2000000476837158,
    "gravityAccelaration": 25.799999237060547,
    "isDynamic": 1.0,
    "mass": 1.0
  },
  "sphere": {
    "radius": 20.0,
    "type": "Sphere"
  },
  "transform": {
    "position": {
      "x": 0.0,
      "y": 12.0,
      "z": 5.0
    },
    "rotate": {
      "x": -0.8755850195884705,
      "y": -2.275221109390259,
      "z": -0.17442375421524048
    },
    "scale": {
      "x": 0.02500000037252903,
      "y": 0.02500000037252903,
      "z": 0.02500000037252903
    }
  }
}