{
  "modelRenderer": {
    "modelKey": "player"
  },
  "rigidbody": {
    "friction": 1.0,
    "gravityAccelaration": 25.799999237060547,
    "isDynamic": 1.0,
    "mass": 1.0
  },
  "sphere": {
    "radius": 20.0
  },
  "transform": {
    "position": {
      "x": -50.26322937011719,
      "y": 8.297317504882813,
      "z": 17.784454345703125
    },
    "rotate": {
      "x": 0.2796027660369873,
      "y": 2.719848871231079,
      "z": -1.343593716621399
    },
    "scale": {
      "x": 0.025,
      "y": 0.02500000037252903,
      "z": 0.02500000037252903
    }
  }
}