{
    "ObjectTag": "Default",
    "targetCamera": {
        "offset": {
            "x": 0.0,
            "y": 4.0,
            "z": 12.0
        }
    },
    "titleCameraController": {
        "rotateAngleRad": 15.0
    },
    "transform": {
        "position": {
            "x": -6.805551528930664,
            "y": 15.00001335144043,
            "z": 14.883383750915527
        },
        "rotate": {
            "x": -0.3217524290084839,
            "y": -0.6030181050300598,
            "z": 6.675567760794365e-07
        },
        "scale": {
            "x": 1.0,
            "y": 1.0,
            "z": 1.0
        }
    }
}